{
  "agent_type": "dqn",
  "num_episodes": 50,
  "training_time": 143.02244186401367,
  "episode_rewards": [
    -4161.722277143943,
    -4299.3516373324765,
    -4250.3254115067375,
    -4359.784961734098,
    -4333.176837234558,
    -4512.336557247738,
    -4381.209337855509,
    -4285.296364652515,
    -4329.626607546544,
    -4295.799183441715,
    -4433.3551490937225,
    -4327.79574043932,
    -4314.262140803959,
    -4306.290152511941,
    -4444.690079343818,
    -4441.984680007813,
    -4305.264998140337,
    -4357.783589634294,
    -4504.401393996517,
    -4309.166685849189,
    -4376.18536699266,
    -4239.8007975020555,
    -4498.181318308481,
    -4353.36610669852,
    -4352.9625288926745,
    -4263.8920387759,
    -4381.676759524393,
    -4051.662285841768,
    -4417.321532811515,
    -4435.943183028436,
    -4330.785193175281,
    -4403.058650309635,
    -4339.923052776368,
    -4401.769312019531,
    -4389.312306744148,
    -4639.513000569797,
    -4248.053752582033,
    -4146.375115051509,
    -4259.71256947938,
    -4283.363848051402,
    -4446.118162023754,
    -4372.8,
    -4473.6053503874555,
    -4514.393668371692,
    -4490.274789559546,
    -4384.505078745215,
    -4564.246358876688,
    -4529.532772808081,
    -4225.367051272482,
    -4148.783998693941
  ],
  "episode_lengths": [
    1000,
    1000,
    1000,
    1000,
    1000,
    1000,
    1000,
    1000,
    1000,
    1000,
    1000,
    1000,
    1000,
    1000,
    1000,
    1000,
    1000,
    1000,
    1000,
    1000,
    1000,
    1000,
    1000,
    1000,
    1000,
    1000,
    1000,
    1000,
    1000,
    1000,
    1000,
    1000,
    1000,
    1000,
    1000,
    1000,
    1000,
    1000,
    1000,
    1000,
    1000,
    1000,
    1000,
    1000,
    1000,
    1000,
    1000,
    1000,
    1000,
    1000
  ],
  "avg_response_times": [
    33.12945248404258,
    56.188696054219456,
    30.511305038278717,
    32.60516178740919,
    33.82533753594662,
    28.2241403893668,
    30.40997754781887,
    29.516844901861564,
    31.5669354299278,
    31.82970697038872,
    39.48053200184422,
    27.45754812636775,
    33.551037688987705,
    44.18411154013947,
    46.611106982061536,
    27.222333803878907,
    30.95460476406818,
    35.25242074451237,
    48.842646482098544,
    36.851249753349734,
    39.95042819491286,
    46.015617511554986,
    35.457614280492585,
    40.78861856774672,
    41.942031004433815,
    32.334643805296295,
    40.87651264972805,
    21.293255762140625,
    36.676008072782196,
    31.62594303146116,
    28.44488536650117,
    45.55311786420505,
    30.0773999477123,
    36.345841034735855,
    30.723932988082698,
    39.506924768625424,
    39.4266781218825,
    31.68162745154443,
    34.04275681845799,
    36.481404586719684,
    29.154649449057477,
    36.23149407210168,
    45.65293476668379,
    40.82383560367202,
    31.712602554243194,
    34.509035539408096,
    44.75146332311689,
    34.126718724240106,
    39.44050265103596,
    32.03019272306571
  ],
  "throughputs": [
    0.1500000000000021,
    0.1700000000000024,
    0.1500000000000021,
    0.20000000000000281,
    0.13000000000000184,
    0.14000000000000196,
    0.10000000000000141,
    0.13000000000000184,
    0.16000000000000225,
    0.13000000000000184,
    0.16000000000000225,
    0.11000000000000154,
    0.1700000000000024,
    0.16000000000000225,
    0.12000000000000169,
    0.18000000000000252,
    0.16000000000000225,
    0.16000000000000225,
    0.14000000000000196,
    0.14000000000000196,
    0.19000000000000267,
    0.11000000000000154,
    0.1500000000000021,
    0.12000000000000169,
    0.13000000000000184,
    0.21000000000000296,
    0.14000000000000196,
    0.13000000000000184,
    0.12000000000000169,
    0.18000000000000252,
    0.1500000000000021,
    0.14000000000000196,
    0.18000000000000252,
    0.1500000000000021,
    0.1500000000000021,
    0.16000000000000225,
    0.16000000000000225,
    0.19000000000000267,
    0.1500000000000021,
    0.14000000000000196,
    0.09000000000000126,
    0.13000000000000184,
    0.1500000000000021,
    0.13000000000000184,
    0.19000000000000267,
    0.1700000000000024,
    0.14000000000000196,
    0.1700000000000024,
    0.18000000000000252,
    0.1500000000000021
  ],
  "fairness_scores": [
    1.0,
    1.0,
    1.0,
    1.0,
    1.0,
    1.0,
    1.0,
    1.0,
    1.0,
    1.0,
    1.0,
    1.0,
    1.0,
    1.0,
    1.0,
    1.0,
    1.0,
    1.0,
    1.0,
    1.0,
    1.0,
    1.0,
    1.0,
    1.0,
    1.0,
    1.0,
    1.0,
    1.0,
    1.0,
    1.0,
    1.0,
    1.0,
    1.0,
    1.0,
    1.0,
    1.0,
    1.0,
    1.0,
    1.0,
    1.0,
    1.0,
    1.0,
    1.0,
    1.0,
    1.0,
    1.0,
    1.0,
    1.0,
    1.0,
    1.0
  ],
  "final_metrics": {
    "avg_response_time": 32.03019272306571,
    "throughput": 0.1500000000000021,
    "fairness": 1.0,
    "total_requests": 520,
    "failed_requests": 186
  },
  "agent_stats": {
    "epsilon": 0.07783125570686422,
    "memory_size": 10000,
    "step_count": 50000,
    "avg_loss": 18.34439518928528
  }
}